id;name;content;price;category_id;orderDetail_id;image_id;tag_id
1;Steel;Assistant;57374;1;1;1;1
2;monetize Consultant wireless;Handmade;76808;2;2;2;2
3;deposit Track actuating;Unbranded Soap;63081;3;3;3;3
4;navigating Michigan;Infrastructure;91058;4;4;4;4
5;compressing withdrawal green;Bedfordshire Lao neutral;4184;5;5;5;5
6;Business-focused;Rubber;95238;6;6;6;6
7;orange Practical;Identity Dynamic Sports;86396;7;7;7;7
8;Personal Steel;solutions;27331;8;8;8;8
9;withdrawal invoice;Bike Shoes Center;20319;9;9;9;9
10;SMS;methodical;83666;10;10;10;10
